timestamp,Y,X,Beta,Signal,Strategy_Ret,Cum_Ret
2025-10-20 12:00:00+00:00,0.6494771838188171,0.5734602212905884,0.28006728337635844,0,,
2025-10-20 13:00:00+00:00,0.6500682234764099,0.5737892985343933,0.28040308290142535,0,0.0,1.0
2025-10-20 14:00:00+00:00,0.651296079158783,0.5745145678520203,0.28129328921983876,0,0.0,1.0
2025-10-20 15:00:00+00:00,0.651932954788208,0.5752416253089905,0.28249664827324766,0,0.0,1.0
2025-10-20 16:00:00+00:00,0.6516780853271484,0.5750762224197388,0.28297674663885597,0,-0.0,1.0
2025-10-20 17:00:00+00:00,0.6515506505966187,0.5748448371887207,0.2831721699955185,0,-0.0,1.0
2025-10-20 18:00:00+00:00,0.6517630219459534,0.5748448371887207,0.283365516200834,0,0.0,1.0
2025-10-20 19:00:00+00:00,0.6515506505966187,0.5746796131134033,0.28342141338760685,0,-0.0,1.0
2025-10-20 20:00:00+00:00,0.6515082716941833,0.5745805501937866,0.28344031804138137,0,-0.0,1.0
2025-10-20 21:00:00+00:00,0.651932954788208,0.5749108791351318,0.28360724853752867,0,0.0,1.0
2025-10-20 22:00:00+00:00,0.6518055200576782,0.5747787356376648,0.28367550949589304,0,-0.0,1.0
2025-10-20 23:00:00+00:00,0.6518479585647583,0.5746135711669922,0.2836895887817098,0,0.0,1.0
2025-10-21 00:00:00+00:00,0.6526136994361877,0.5752416253089905,0.28413858929277863,0,0.0,1.0
2025-10-21 01:00:00+00:00,0.6515931487083435,0.5742835998535156,0.2841058413972658,0,-0.0,1.0
2025-10-21 02:00:00+00:00,0.6509568691253662,0.5734602212905884,0.28431564937005604,0,-0.0,1.0
2025-10-21 03:00:00+00:00,0.6507450938224792,0.5732958912849426,0.28463161460048625,0,-0.0,1.0
2025-10-21 04:00:00+00:00,0.6505334377288818,0.5730658769607544,0.285053589210553,0,-0.0,1.0
2025-10-21 05:00:00+00:00,0.64939284324646,0.5721151232719421,0.28684522717817373,0,-0.0,1.0
2025-10-21 06:00:00+00:00,0.6498570442199707,0.5725081562995911,0.28761213390469925,0,0.0,1.0
2025-10-21 07:00:00+00:00,0.6490135192871094,0.571918785572052,0.2893135515656759,0,-0.0,1.0
2025-10-21 08:00:00+00:00,0.6488029360771179,0.5717552900314331,0.2909730608121458,0,-0.0,1.0
2025-10-21 09:00:00+00:00,0.648929238319397,0.5717552900314331,0.2921429433948306,0,0.0,1.0
2025-10-21 10:00:00+00:00,0.6490135192871094,0.5718206763267517,0.2929614204609238,0,0.0,1.0
2025-10-21 11:00:00+00:00,0.64939284324646,0.5724098682403564,0.29320341742673556,0,0.0,1.0
2025-10-21 12:00:00+00:00,0.649645984172821,0.5729673504829407,0.2931920081900128,0,0.0,1.0
2025-10-21 13:00:00+00:00,0.6479621529579163,0.5724426507949829,0.2938103110706017,0,-0.0,1.0
2025-10-21 14:00:00+00:00,0.6493085026741028,0.5737892985343933,0.2933371157838219,0,0.0,1.0
2025-10-21 15:00:00+00:00,0.6500259637832642,0.5747126340866089,0.29305345992461784,0,0.0,1.0
2025-10-21 16:00:00+00:00,0.6494349837303162,0.5744815468788147,0.292401254969748,0,-0.0,1.0
2025-10-21 17:00:00+00:00,0.6491820216178894,0.5745145678520203,0.2916545516415936,0,-0.0,1.0
2025-10-21 18:00:00+00:00,0.6492241621017456,0.574547529220581,0.29106523129246276,0,0.0,1.0
2025-10-21 19:00:00+00:00,0.6492663025856018,0.5746465921401978,0.2905587754601489,0,0.0,1.0
2025-10-21 20:00:00+00:00,0.6489713788032532,0.5743165612220764,0.29019816572554674,0,-0.0,1.0
2025-10-21 21:00:00+00:00,0.6492241621017456,0.5741187334060669,0.29008604881474365,0,0.0,1.0
2025-10-21 22:00:00+00:00,0.6493085026741028,0.574349582195282,0.28994641303528673,0,0.0,1.0
2025-10-21 23:00:00+00:00,0.64939284324646,0.5744155049324036,0.28984674956142054,0,0.0,1.0
2025-10-22 00:00:00+00:00,0.6488450169563293,0.5744155049324036,0.2895672462212497,0,-0.0,1.0
2025-10-22 01:00:00+00:00,0.6492241621017456,0.5744155049324036,0.2894666854997545,0,0.0,1.0
2025-10-22 02:00:00+00:00,0.649645984172821,0.5749439597129822,0.2894645542626588,0,0.0,1.0
2025-10-22 03:00:00+00:00,0.6497303247451782,0.5749439597129822,0.28951163483583126,0,0.0,1.0
2025-10-22 04:00:00+00:00,0.6501528024673462,0.5753408670425415,0.28980776486578247,0,0.0,1.0
2025-10-22 05:00:00+00:00,0.6506181359291077,0.5757383704185486,0.290467052779037,0,0.0,1.0
2025-10-22 06:00:00+00:00,0.6509145498275757,0.5759705305099487,0.2913156162528518,0,0.0,1.0
2025-10-22 07:00:00+00:00,0.6506181359291077,0.5755395889282227,0.29167557072749645,0,-0.0,1.0
2025-10-22 08:00:00+00:00,0.6497303247451782,0.5749439597129822,0.29164115031200627,0,-0.0,1.0
2025-10-22 09:00:00+00:00,0.649814784526825,0.5748117566108704,0.2916371631654465,0,0.0,1.0
2025-10-22 10:00:00+00:00,0.648929238319397,0.5741187334060669,0.2919156547962804,0,-0.0,1.0
2025-10-22 11:00:00+00:00,0.6486766934394836,0.5740528106689453,0.29224920100357477,0,-0.0,1.0
2025-10-22 12:00:00+00:00,0.6490978002548218,0.5744155049324036,0.2922941002415388,0,0.0,1.0
2025-10-22 13:00:00+00:00,0.6495193243026733,0.5745145678520203,0.29229454310521896,0,0.0,1.0
2025-10-22 14:00:00+00:00,0.6494771838188171,0.5744155049324036,0.2922974195268838,0,-0.0,1.0
2025-10-22 15:00:00+00:00,0.6504064798355103,0.5752747058868408,0.29261807574581405,0,0.0,1.0
2025-10-22 16:00:00+00:00,0.6498992443084717,0.5751092433929443,0.2926570048828526,0,-0.0,1.0
2025-10-22 17:00:00+00:00,0.6482982039451599,0.5737892985343933,0.2932665000968376,0,-0.0,1.0
2025-10-22 18:00:00+00:00,0.6488029360771179,0.5739868879318237,0.293459574223249,0,0.0,1.0
2025-10-22 19:00:00+00:00,0.6491398811340332,0.5741516947746277,0.2934996644807032,0,0.0,1.0
2025-10-22 20:00:00+00:00,0.6491398811340332,0.5740198493003845,0.2935354805187628,0,0.0,1.0
2025-10-22 21:00:00+00:00,0.6493085026741028,0.5741846561431885,0.2935356749036834,0,0.0,1.0
2025-10-22 22:00:00+00:00,0.6492663025856018,0.5740528106689453,0.29353660388356206,0,0.0,1.0
2025-10-22 23:00:00+00:00,0.6490135192871094,0.5737563967704773,0.29359705937132463,0,-0.0,1.0
2025-10-23 00:00:00+00:00,0.6493085026741028,0.5741846561431885,0.2935964685119311,0,0.0,1.0
2025-10-23 01:00:00+00:00,0.648929238319397,0.5737234354019165,0.2936703997208312,0,-0.0,1.0
2025-10-23 02:00:00+00:00,0.6485925316810608,0.5733945369720459,0.2938907393770619,0,-0.0,1.0
2025-10-23 03:00:00+00:00,0.6481721997261047,0.5726721286773682,0.29443661394865794,0,-0.0,1.0
2025-10-23 04:00:00+00:00,0.6487609148025513,0.5732301473617554,0.2944859975737666,0,0.0,1.0
2025-10-23 05:00:00+00:00,0.649350643157959,0.5736247301101685,0.29443694813907134,0,0.0,1.0
2025-10-23 06:00:00+00:00,0.650321900844574,0.5742176175117493,0.294744320499995,0,0.0,1.0
2025-10-23 07:00:00+00:00,0.6507027745246887,0.5747787356376648,0.2954905910237947,0,0.0,1.0
2025-10-23 08:00:00+00:00,0.6510840654373169,0.5747126340866089,0.29624465254644683,0,0.0,1.0
2025-10-23 09:00:00+00:00,0.6514233946800232,0.5750100612640381,0.29726770047856915,0,0.0,1.0
2025-10-23 10:00:00+00:00,0.6507027745246887,0.5744485259056091,0.29745484670456873,0,-0.0,1.0
2025-10-23 11:00:00+00:00,0.6504064798355103,0.574349582195282,0.29752223261053445,0,-0.0,1.0
2025-10-23 12:00:00+00:00,0.6505757570266724,0.5745805501937866,0.29767124081168184,0,0.0,1.0
2025-10-23 13:00:00+00:00,0.6511688828468323,0.5749108791351318,0.298124563732414,0,0.0,1.0
2025-10-23 14:00:00+00:00,0.6518055200576782,0.5752084851264954,0.2989907078580334,0,0.0,1.0
2025-10-23 15:00:00+00:00,0.6517630219459534,0.5751423239707947,0.2996189252041268,0,-0.0,1.0
2025-10-23 16:00:00+00:00,0.6513809561729431,0.5749769806861877,0.2998889260372024,0,-0.0,1.0
2025-10-23 17:00:00+00:00,0.6518904566764832,0.575572669506073,0.3006026639949827,0,0.0,1.0
2025-10-23 18:00:00+00:00,0.6518904566764832,0.5755395889282227,0.3011600711376813,0,0.0,1.0
2025-10-23 19:00:00+00:00,0.6514658331871033,0.575407087802887,0.3013591951258812,0,-0.0,1.0
2025-10-23 20:00:00+00:00,0.6515506505966187,0.5753740072250366,0.3015484635085257,0,0.0,1.0
2025-10-23 21:00:00+00:00,0.6512536406517029,0.575407087802887,0.301593793883242,0,-0.0,1.0
2025-10-23 22:00:00+00:00,0.6517630219459534,0.5754402279853821,0.3018142102580356,0,0.0,1.0
2025-10-23 23:00:00+00:00,0.6516780853271484,0.5756720900535583,0.3019984278431163,0,-0.0,1.0
2025-10-24 00:00:00+00:00,0.6515931487083435,0.5758046507835388,0.302111074100051,0,-0.0,1.0
2025-10-24 01:00:00+00:00,0.6510840654373169,0.5752084851264954,0.30210006386149324,0,-0.0,1.0
2025-10-24 02:00:00+00:00,0.6499837636947632,0.5747456550598145,0.30233773518352675,0,-0.0,1.0
2025-10-24 03:00:00+00:00,0.6507874727249146,0.5753740072250366,0.3022631931978128,0,0.0,1.0
2025-10-24 04:00:00+00:00,0.650321900844574,0.5749439597129822,0.3023158084970049,0,-0.0,1.0
2025-10-24 05:00:00+00:00,0.6500259637832642,0.5746135711669922,0.3025320378867995,0,-0.0,1.0
2025-10-24 06:00:00+00:00,0.6509145498275757,0.5755064487457275,0.30250904757052033,0,0.0,1.0
2025-10-24 07:00:00+00:00,0.6504911184310913,0.5752416253089905,0.3024567809068031,0,-0.0,1.0
2025-10-24 08:00:00+00:00,0.649814784526825,0.5745805501937866,0.30271248879662016,0,-0.0,1.0
2025-10-24 09:00:00+00:00,0.6497303247451782,0.5742176175117493,0.3030730868316643,0,0.0,1.0
2025-10-24 10:00:00+00:00,0.6498992443084717,0.5743825435638428,0.3032481017447352,0,0.0,1.0
2025-10-24 11:00:00+00:00,0.6501528024673462,0.574349582195282,0.30331173817850815,0,0.0,1.0
2025-10-24 12:00:00+00:00,0.6518479585647583,0.5759373307228088,0.30408173604858946,0,0.0,1.0
2025-10-24 13:00:00+00:00,0.6515506505966187,0.5756389498710632,0.304422281004978,0,-0.0,1.0
2025-10-24 14:00:00+00:00,0.6501104831695557,0.5740528106689453,0.3046114804149533,0,-0.0,1.0
2025-10-24 15:00:00+00:00,0.6510840654373169,0.5747126340866089,0.3045653182880121,0,0.0,1.0
2025-10-24 16:00:00+00:00,0.6511264443397522,0.5748117566108704,0.30455822637766977,0,0.0,1.0
2025-10-24 17:00:00+00:00,0.6512536406517029,0.5749108791351318,0.3045851511677567,0,0.0,1.0
2025-10-24 18:00:00+00:00,0.6512536406517029,0.5749108791351318,0.30460878513585626,0,0.0,1.0
2025-10-24 19:00:00+00:00,0.651338517665863,0.5750100612640381,0.30466089037724353,0,0.0,1.0
2025-10-24 20:00:00+00:00,0.6515506505966187,0.5749769806861877,0.30471537387084924,0,0.0,1.0
2025-10-24 21:00:00+00:00,0.6515506505966187,0.5750100612640381,0.30477214872503644,0,-0.0,1.0
2025-10-27 00:00:00+00:00,0.6532531976699829,0.5762360095977783,0.3063745781842436,0,0.0,1.0
2025-10-27 01:00:00+00:00,0.6536802053451538,0.5763024091720581,0.3080603960834622,0,0.0,1.0
2025-10-27 02:00:00+00:00,0.6538512110710144,0.5761696100234985,0.309393723414441,0,0.0,1.0
2025-10-27 03:00:00+00:00,0.6532958745956421,0.5757715702056885,0.3098573589464679,0,-0.0,1.0
2025-10-27 04:00:00+00:00,0.6533385515213013,0.5758046507835388,0.31026790851252556,0,0.0,1.0
2025-10-27 05:00:00+00:00,0.6538939476013184,0.5762028098106384,0.31112039149431037,0,0.0,1.0
2025-10-27 06:00:00+00:00,0.6542789936065674,0.5765017867088318,0.3122666433158405,0,0.0,1.0
2025-10-27 07:00:00+00:00,0.6537229418754578,0.5754402279853821,0.31219301032806973,0,-0.0,1.0
2025-10-27 08:00:00+00:00,0.6554798483848572,0.5761696100234985,0.3133019712354241,0,0.0,1.0
2025-10-27 09:00:00+00:00,0.6559097170829773,0.5765349864959717,0.31493695787692355,0,0.0,1.0
2025-10-27 10:00:00+00:00,0.6556947231292725,0.5763356685638428,0.3158790145861149,0,-0.0,1.0
2025-10-27 11:00:00+00:00,0.6559097170829773,0.576801061630249,0.3172721164807677,0,0.0,1.0
2025-10-27 12:00:00+00:00,0.6557807326316833,0.5765349864959717,0.31805665828981516,0,-0.0,1.0
2025-10-27 13:00:00+00:00,0.6550504565238953,0.5759705305099487,0.31809509242859624,0,-0.0,1.0
2025-10-27 14:00:00+00:00,0.6551792025566101,0.5762028098106384,0.31827767269711665,0,0.0,1.0
2025-10-27 15:00:00+00:00,0.6554798483848572,0.5763024091720581,0.3185456660065082,0,0.0,1.0
2025-10-27 16:00:00+00:00,0.6557807326316833,0.5766680240631104,0.31908329250716616,0,0.0,1.0
2025-10-27 17:00:00+00:00,0.6557376980781555,0.5765682458877563,0.3194435498968795,0,-0.0,1.0
2025-10-27 18:00:00+00:00,0.6559527516365051,0.5772339105606079,0.3201361775516711,0,-0.0,1.0
2025-10-27 19:00:00+00:00,0.6556947231292725,0.5771006345748901,0.3204950657030609,0,-0.0,1.0
2025-10-27 20:00:00+00:00,0.6558237671852112,0.5770673155784607,0.32083971705140757,0,0.0,1.0
2025-10-27 21:00:00+00:00,0.6557807326316833,0.5771006345748901,0.32110453242203063,0,-0.0,1.0
2025-10-27 22:00:00+00:00,0.6562110185623169,0.5776006579399109,0.32167697790529165,0,0.0,1.0
2025-10-27 23:00:00+00:00,0.655995786190033,0.5776340365409851,0.32199462762839226,0,-0.0,1.0
2025-10-28 00:00:00+00:00,0.6560388207435608,0.5778676867485046,0.32228540846395665,0,-0.0,1.0
2025-10-28 01:00:00+00:00,0.655995786190033,0.5777007937431335,0.3224879284096854,0,0.0,1.0
2025-10-28 02:00:00+00:00,0.6558666825294495,0.5775672793388367,0.32258634296633815,0,-0.0,1.0
2025-10-28 03:00:00+00:00,0.6562110185623169,0.5779010653495789,0.3228509818922598,0,0.0,1.0
2025-10-28 04:00:00+00:00,0.656555712223053,0.5784358978271484,0.32334632793163853,0,0.0,1.0
2025-10-28 05:00:00+00:00,0.6558666825294495,0.5780012607574463,0.32332157449215154,0,-0.0,1.0
2025-10-28 06:00:00+00:00,0.6551792025566101,0.5770673155784607,0.3233758782156881,0,-0.0,1.0
2025-10-28 07:00:00+00:00,0.6552221179008484,0.5770007371902466,0.3234234342189476,0,0.0,1.0
2025-10-28 08:00:00+00:00,0.6548788547515869,0.5764685869216919,0.3236343672866573,0,-0.0,1.0
2025-10-28 09:00:00+00:00,0.6558237671852112,0.5773671865463257,0.3236741216270021,0,0.0,1.0
2025-10-28 10:00:00+00:00,0.6562110185623169,0.5776674151420593,0.3238467263485205,0,0.0,1.0
2025-10-28 11:00:00+00:00,0.6557376980781555,0.5773338675498962,0.32385534805475674,0,-0.0,1.0
2025-10-28 12:00:00+00:00,0.6556516885757446,0.5768343210220337,0.32381970517134995,0,0.0,1.0
2025-10-28 13:00:00+00:00,0.6561679840087891,0.5768343210220337,0.3236905378910701,0,0.0,1.0
2025-10-28 14:00:00+00:00,0.6578514575958252,0.5784358978271484,0.3251624210239329,0,0.0,1.0
2025-10-28 15:00:00+00:00,0.6585012674331665,0.5780346989631653,0.3263338798732495,0,0.0,1.0
2025-10-28 16:00:00+00:00,0.6590219736099243,0.5789381861686707,0.3286883453922216,0,0.0,1.0
2025-10-28 17:00:00+00:00,0.6591088771820068,0.5788711905479431,0.33057109707779403,0,0.0,1.0
2025-10-28 18:00:00+00:00,0.6591523289680481,0.5787037014961243,0.3319369119720432,0,0.0,1.0
2025-10-28 19:00:00+00:00,0.6587181091308594,0.5783355832099915,0.3324955681396981,0,-0.0,1.0
2025-10-28 20:00:00+00:00,0.6587615013122559,0.5783020853996277,0.3329351654855802,0,0.0,1.0
2025-10-28 21:00:00+00:00,0.6585446000099182,0.5783355832099915,0.33324563055349005,0,-0.0,1.0
2025-10-28 22:00:00+00:00,0.65845787525177,0.5781349539756775,0.33338099318861636,0,-0.0,1.0
2025-10-28 23:00:00+00:00,0.6586747169494629,0.5783355832099915,0.33363089831258086,0,0.0,1.0
2025-10-29 00:00:00+00:00,0.6600224375724792,0.5782352089881897,0.3340328727040705,0,0.0,1.0
2025-10-29 01:00:00+00:00,0.6598917841911316,0.5778676867485046,0.33390832139166793,0,0.0,1.0
2025-10-29 02:00:00+00:00,0.6601095795631409,0.5782686471939087,0.33427504351529086,0,0.0,1.0
2025-10-29 03:00:00+00:00,0.6601095795631409,0.5785028338432312,0.3347883984812558,0,-0.0,1.0
2025-10-29 04:00:00+00:00,0.6598047018051147,0.5781683921813965,0.3348952174577483,0,-0.0,1.0
2025-10-29 05:00:00+00:00,0.6602839231491089,0.5784693360328674,0.3352895636451774,0,0.0,1.0
2025-10-29 06:00:00+00:00,0.6609822511672974,0.5790387988090515,0.3363749646323972,0,0.0,1.0
2025-10-29 07:00:00+00:00,0.6615068912506104,0.5789047479629517,0.33737298194477017,0,0.0,1.0
2025-10-29 08:00:00+00:00,0.6597611904144287,0.577734112739563,0.33718990327231574,0,-0.0,1.0
2025-10-29 09:00:00+00:00,0.6602402925491333,0.5785028338432312,0.33733923987084335,0,0.0,1.0
2025-10-29 10:00:00+00:00,0.6604147553443909,0.5788041949272156,0.3376118252052016,0,0.0,1.0
2025-10-29 11:00:00+00:00,0.6598047018051147,0.5782352089881897,0.3376079679013953,0,-0.0,1.0
2025-10-29 12:00:00+00:00,0.6598482728004456,0.5780680775642395,0.3375731740540894,0,0.0,1.0
2025-10-29 13:00:00+00:00,0.6604583859443665,0.5788376927375793,0.3378124320223698,0,0.0,1.0
2025-10-29 14:00:00+00:00,0.6605455875396729,0.5792400240898132,0.33811517272192493,0,-0.0,1.0
2025-10-29 15:00:00+00:00,0.6613757014274597,0.5799791216850281,0.33914633603588956,0,0.0,1.0
2025-10-29 16:00:00+00:00,0.6614631414413452,0.57984459400177,0.33999863372374844,0,0.0,1.0
2025-10-29 17:00:00+00:00,0.6613319516181946,0.5793743133544922,0.340417319684418,0,0.0,1.0
2025-10-29 18:00:00+00:00,0.6578947305679321,0.576701283454895,0.34254656159817054,0,-0.0,1.0
2025-10-29 19:00:00+00:00,0.6573757529258728,0.5764353275299072,0.34501883158397895,0,-0.0,1.0
2025-10-29 20:00:00+00:00,0.6577216386795044,0.5765682458877563,0.3465049537656916,0,0.0,1.0
2025-10-29 21:00:00+00:00,0.6575053930282593,0.576269268989563,0.3480308382403795,0,-0.0,1.0
2025-10-29 22:00:00+00:00,0.6570733785629272,0.5762360095977783,0.3496832149476769,0,-0.0,1.0
2025-10-29 23:00:00+00:00,0.6578947305679321,0.5765349864959717,0.35020491668679854,0,0.0,1.0
2025-10-30 00:00:00+00:00,0.6588917374610901,0.577734112739563,0.3501968795878109,0,0.0,1.0
2025-10-30 01:00:00+00:00,0.6587181091308594,0.5774005651473999,0.3502094726939225,0,-0.0,1.0
2025-10-30 02:00:00+00:00,0.6590654253959656,0.5778676867485046,0.35022460484303874,0,0.0,1.0
2025-10-30 03:00:00+00:00,0.6590654253959656,0.5777007937431335,0.35023485861839837,0,0.0,1.0
2025-10-30 04:00:00+00:00,0.6596741080284119,0.5789047479629517,0.35048003737980715,0,0.0,1.0
2025-10-30 05:00:00+00:00,0.6592826843261719,0.5784358978271484,0.35049732629631913,0,-0.0,1.0
2025-10-30 06:00:00+00:00,0.6585012674331665,0.577500581741333,0.350570042371684,0,-0.0,1.0
2025-10-30 07:00:00+00:00,0.6581978797912598,0.5776340365409851,0.35061858478680547,0,-0.0,1.0
2025-10-30 08:00:00+00:00,0.6579813361167908,0.5775339007377625,0.35071475392661394,0,-0.0,1.0
2025-10-30 09:00:00+00:00,0.6571165323257446,0.5768675804138184,0.35141130235692064,0,-0.0,1.0
2025-10-30 10:00:00+00:00,0.656728208065033,0.5764685869216919,0.352429017005776,0,-0.0,1.0
2025-10-30 11:00:00+00:00,0.6556947231292725,0.5753077864646912,0.3549855331492728,0,-0.0,1.0
2025-10-30 12:00:00+00:00,0.6541078090667725,0.5732301473617554,0.3612109780679275,0,-0.0,1.0
2025-10-30 13:00:00+00:00,0.6548359990119934,0.5740528106689453,0.36423300107148865,0,0.0,1.0
2025-10-30 14:00:00+00:00,0.6547930836677551,0.5738222599029541,0.36676323521573484,0,0.0,1.0
2025-10-30 15:00:00+00:00,0.6556087136268616,0.5747787356376648,0.3675535342903629,0,0.0,1.0
2025-10-30 16:00:00+00:00,0.6556516885757446,0.5746135711669922,0.36817096093928486,0,0.0,1.0
2025-10-30 17:00:00+00:00,0.6557376980781555,0.5747456550598145,0.36858020029938515,0,0.0,1.0
2025-10-30 18:00:00+00:00,0.6553938984870911,0.5743165612220764,0.3691996822480696,0,-0.0,1.0
2025-10-30 19:00:00+00:00,0.6550933718681335,0.5739539861679077,0.3699894424977623,0,-0.0,1.0
2025-10-30 20:00:00+00:00,0.6556516885757446,0.574349582195282,0.37018463657780387,0,0.0,1.0
2025-10-30 21:00:00+00:00,0.6556087136268616,0.574349582195282,0.37036138201480917,0,-0.0,1.0
2025-10-30 22:00:00+00:00,0.6554798483848572,0.5742176175117493,0.3705676351324185,0,-0.0,1.0
2025-10-30 23:00:00+00:00,0.6561249494552612,0.5745805501937866,0.3705176633475085,0,0.0,1.0
2025-10-31 00:00:00+00:00,0.6558666825294495,0.5742505788803101,0.3705063550814919,0,-0.0,1.0
2025-10-31 01:00:00+00:00,0.6554798483848572,0.5736247301101685,0.37060644244866936,0,-0.0,1.0
2025-10-31 02:00:00+00:00,0.6554368734359741,0.5733287334442139,0.3706494017997859,0,0.0,1.0
2025-10-31 03:00:00+00:00,0.6551362872123718,0.5731973052024841,0.3708950884193668,0,-0.0,1.0
2025-10-31 04:00:00+00:00,0.6552650332450867,0.5734931230545044,0.37103129869011514,0,0.0,1.0
2025-10-31 05:00:00+00:00,0.6542789936065674,0.5724753737449646,0.3719363398385301,0,-0.0,1.0
2025-10-31 06:00:00+00:00,0.653979480266571,0.5721478462219238,0.372997828236559,0,-0.0,1.0
2025-10-31 07:00:00+00:00,0.6541934013366699,0.572213351726532,0.37361414027423134,0,0.0,1.0
2025-10-31 08:00:00+00:00,0.6545359492301941,0.5722787976264954,0.3738114618832079,0,0.0,1.0
2025-10-31 09:00:00+00:00,0.6543217897415161,0.5725081562995911,0.3741198115479108,0,-0.0,1.0
2025-10-31 10:00:00+00:00,0.6543217897415161,0.5724753737449646,0.37436411005598685,0,0.0,1.0
2025-10-31 11:00:00+00:00,0.6544930934906006,0.572573721408844,0.3744753008755004,0,0.0,1.0
2025-10-31 12:00:00+00:00,0.6539367437362671,0.57178795337677,0.3748898759429491,0,-0.0,1.0
2025-10-31 13:00:00+00:00,0.6547502279281616,0.5725409388542175,0.37486207977358715,0,0.0,1.0
2025-10-31 14:00:00+00:00,0.6553080081939697,0.5731973052024841,0.37491156360932476,0,0.0,1.0
2025-10-31 15:00:00+00:00,0.6548788547515869,0.5728361010551453,0.3749060055848522,0,-0.0,1.0
2025-10-31 16:00:00+00:00,0.6541934013366699,0.572213351726532,0.3750856721492145,0,-0.0,1.0
2025-10-31 17:00:00+00:00,0.6540650129318237,0.5720168948173523,0.37529573422435825,0,-0.0,1.0
2025-10-31 18:00:00+00:00,0.6544074416160583,0.5724098682403564,0.3753331251305493,0,0.0,1.0
2025-10-31 19:00:00+00:00,0.6545359492301941,0.5724098682403564,0.37533775328123614,0,0.0,1.0
2025-10-31 20:00:00+00:00,0.6546644568443298,0.5726392865180969,0.375337179033262,0,0.0,1.0
2025-10-31 21:00:00+00:00,0.6547930836677551,0.572573721408844,0.3753271477686042,0,0.0,1.0
2025-10-31 22:00:00+00:00,0.6547930836677551,0.572573721408844,0.3753199608248131,0,0.0,1.0
2025-11-03 00:00:00+00:00,0.6544930934906006,0.5720168948173523,0.37530342373692505,0,-0.0,1.0
2025-11-03 01:00:00+00:00,0.6546216011047363,0.5716245770454407,0.3751290422206925,0,0.0,1.0
2025-11-03 02:00:00+00:00,0.655007541179657,0.5723115801811218,0.37509568184191083,0,0.0,1.0
2025-11-03 03:00:00+00:00,0.6555227637290955,0.5725081562995911,0.3751347904588819,0,0.0,1.0
2025-11-03 04:00:00+00:00,0.6556087136268616,0.5727376937866211,0.3752668102839491,0,-0.0,1.0
2025-11-03 05:00:00+00:00,0.6560819149017334,0.5729673504829407,0.37557938737174795,0,0.0,1.0
2025-11-03 06:00:00+00:00,0.6559097170829773,0.5728361010551453,0.3757369827774452,0,-0.0,1.0
2025-11-03 07:00:00+00:00,0.6555227637290955,0.5725409388542175,0.3757405287495447,0,-0.0,1.0
2025-11-03 08:00:00+00:00,0.6556516885757446,0.5720824003219604,0.37556391698593455,0,0.0,1.0
2025-11-03 09:00:00+00:00,0.6549217104911804,0.5718206763267517,0.37557204894573654,0,-0.0,1.0
2025-11-03 10:00:00+00:00,0.6547073125839233,0.5717552900314331,0.37564959573178053,0,-0.0,1.0
2025-11-03 11:00:00+00:00,0.6550504565238953,0.571918785572052,0.3756276909586794,0,0.0,1.0
2025-11-03 12:00:00+00:00,0.6549217104911804,0.5718860626220703,0.3756345328864981,0,-0.0,1.0
2025-11-03 13:00:00+00:00,0.6541506052017212,0.5710696578025818,0.375964498673232,0,-0.0,1.0
2025-11-03 14:00:00+00:00,0.6532105207443237,0.570353090763092,0.37708735264835136,0,-0.0,1.0
2025-11-03 15:00:00+00:00,0.6529119610786438,0.5702880024909973,0.37826497677016846,0,-0.0,1.0
2025-11-03 16:00:00+00:00,0.6537656784057617,0.5708739757537842,0.3785017244873632,0,0.0,1.0
2025-11-03 17:00:00+00:00,0.653979480266571,0.5709717869758606,0.37859731739259544,0,0.0,1.0
2025-11-03 18:00:00+00:00,0.6541934013366699,0.5711022019386292,0.3786137899798888,0,0.0,1.0
2025-11-03 19:00:00+00:00,0.6541506052017212,0.5711022019386292,0.3786357515070892,0,-0.0,1.0
2025-11-03 20:00:00+00:00,0.6540650129318237,0.5709391832351685,0.37866817234769357,0,-0.0,1.0
2025-11-03 21:00:00+00:00,0.653979480266571,0.5710043907165527,0.378712374320331,0,-0.0,1.0
2025-11-03 22:00:00+00:00,0.654022216796875,0.5708414316177368,0.378735847405536,0,0.0,1.0
2025-11-03 23:00:00+00:00,0.654022216796875,0.5707762837409973,0.37875012485296544,0,0.0,1.0
2025-11-04 00:00:00+00:00,0.6538939476013184,0.5697031617164612,0.37854752243309836,0,0.0,1.0
2025-11-04 01:00:00+00:00,0.6536375284194946,0.5694760680198669,0.3785145395920196,0,-0.0,1.0
2025-11-04 02:00:00+00:00,0.6525711417198181,0.5691519975662231,0.3794146225024487,0,-0.0,1.0
2025-11-04 03:00:00+00:00,0.6534239053726196,0.5696707367897034,0.3795032191361353,0,0.0,1.0
2025-11-04 04:00:00+00:00,0.6533385515213013,0.5690224170684814,0.3794831502919827,0,0.0,1.0
2025-11-04 05:00:00+00:00,0.6514233946800232,0.5681818127632141,0.38148032413479194,0,-0.0,1.0
2025-11-04 06:00:00+00:00,0.6514233946800232,0.5686341524124146,0.382834191196554,0,-0.0,1.0
2025-11-04 07:00:00+00:00,0.6517205238342285,0.5687311887741089,0.38363825109475597,0,0.0,1.0
2025-11-04 08:00:00+00:00,0.6511688828468323,0.5677624344825745,0.3850517477144315,0,-0.0,1.0
2025-11-04 09:00:00+00:00,0.6497303247451782,0.5663476586341858,0.388683597187591,0,-0.0,1.0
2025-11-04 10:00:00+00:00,0.6504064798355103,0.5667970180511475,0.3903916896224151,0,0.0,1.0
2025-11-04 11:00:00+00:00,0.6499415040016174,0.5663155317306519,0.39244986238100676,0,-0.0,1.0
2025-11-04 12:00:00+00:00,0.649688184261322,0.5662513971328735,0.3944229182242735,0,-0.0,1.0
2025-11-04 13:00:00+00:00,0.6494349837303162,0.5662193298339844,0.39629314773068036,0,-0.0,1.0
2025-11-04 14:00:00+00:00,0.6495193243026733,0.5664759278297424,0.3975851909371342,0,-0.0,1.0
2025-11-04 15:00:00+00:00,0.6504487991333008,0.5668291449546814,0.39785936193859106,0,0.0,1.0
2025-11-04 16:00:00+00:00,0.6502373218536377,0.5665722489356995,0.39820792438986347,0,-0.0,1.0
2025-11-04 17:00:00+00:00,0.64939284324646,0.5658028721809387,0.39924155127379074,0,-0.0,1.0
2025-11-04 18:00:00+00:00,0.6490135192871094,0.5656108856201172,0.40046506101097495,0,-0.0,1.0
2025-11-04 19:00:00+00:00,0.6486346125602722,0.5651313662528992,0.4019318596907516,0,-0.0,1.0
2025-11-04 20:00:00+00:00,0.6488871574401855,0.5650994181632996,0.4028214935988551,0,0.0,1.0
2025-11-04 21:00:00+00:00,0.6491820216178894,0.5645252466201782,0.40309009075296,0,0.0,1.0
2025-11-04 22:00:00+00:00,0.6494771838188171,0.5643340945243835,0.4028634297210115,0,0.0,1.0
2025-11-04 23:00:00+00:00,0.6487609148025513,0.5643659234046936,0.40346944601217793,0,-0.0,1.0
2025-11-05 00:00:00+00:00,0.6476683616638184,0.5642067193984985,0.40505768756149213,0,-0.0,1.0
2025-11-05 01:00:00+00:00,0.6469142436981201,0.5637614130973816,0.40731186988561324,0,-0.0,1.0
2025-11-05 02:00:00+00:00,0.6482982039451599,0.5649079084396362,0.40763149495277734,0,0.0,1.0
2025-11-05 03:00:00+00:00,0.6494349837303162,0.5655468702316284,0.40763231549684187,0,0.0,1.0
2025-11-05 04:00:00+00:00,0.64939284324646,0.56573885679245,0.4076347958445674,0,-0.0,1.0
2025-11-05 05:00:00+00:00,0.6492663025856018,0.5654509663581848,0.407634292005671,0,0.0,1.0
2025-11-05 06:00:00+00:00,0.6493085026741028,0.5656108856201172,0.40763360851796154,0,-0.0,1.0
2025-11-05 07:00:00+00:00,0.6489713788032532,0.5652911067008972,0.40766197513990976,0,-0.0,1.0
2025-11-05 08:00:00+00:00,0.6491820216178894,0.5655788779258728,0.40765693259367497,0,0.0,1.0
2025-11-05 09:00:00+00:00,0.648382306098938,0.5649079084396362,0.40785626690773397,0,-0.0,1.0
2025-11-05 10:00:00+00:00,0.6481301784515381,0.5645571351051331,0.4081707962956457,0,-0.0,1.0
2025-11-05 11:00:00+00:00,0.6480881571769714,0.5642385482788086,0.4084687223479741,0,0.0,1.0
2025-11-05 12:00:00+00:00,0.6484243273735046,0.5648440718650818,0.40853690184050184,0,0.0,1.0
2025-11-05 13:00:00+00:00,0.6487609148025513,0.5644933581352234,0.4084785407502016,0,0.0,1.0
2025-11-05 14:00:00+00:00,0.649772584438324,0.5651633143424988,0.40852727327181065,0,0.0,1.0
2025-11-05 15:00:00+00:00,0.6501950621604919,0.5655788779258728,0.408822775196053,0,0.0,1.0
2025-11-05 16:00:00+00:00,0.6512536406517029,0.5663476586341858,0.40996466746017396,0,0.0,1.0
2025-11-05 17:00:00+00:00,0.6508297920227051,0.5661552548408508,0.41054518700375386,0,-0.0,1.0
2025-11-05 18:00:00+00:00,0.6509568691253662,0.5664117932319641,0.41116866878457653,0,0.0,1.0
2025-11-05 19:00:00+00:00,0.6507874727249146,0.5662193298339844,0.4115308221815768,0,-0.0,1.0
2025-11-05 20:00:00+00:00,0.6506603956222534,0.566379725933075,0.41179574988670925,0,-0.0,1.0
2025-11-05 21:00:00+00:00,0.6508297920227051,0.566379725933075,0.4120818449005867,0,0.0,1.0
2025-11-05 22:00:00+00:00,0.6507450938224792,0.5663476586341858,0.4122750201857239,0,-0.0,1.0
2025-11-05 23:00:00+00:00,0.6511688828468323,0.5668291449546814,0.41268915813022133,0,0.0,1.0
2025-11-06 00:00:00+00:00,0.6507450938224792,0.5665080547332764,0.4128064075632027,0,-0.0,1.0
2025-11-06 01:00:00+00:00,0.6512536406517029,0.5667006373405457,0.41311861802532795,0,0.0,1.0
2025-11-06 02:00:00+00:00,0.6509568691253662,0.5666043758392334,0.4132483959224679,0,-0.0,1.0
2025-11-06 03:00:00+00:00,0.6513809561729431,0.5664438605308533,0.4134314280438654,0,0.0,1.0
2025-11-06 04:00:00+00:00,0.6515506505966187,0.5667006373405457,0.4137069787486027,0,0.0,1.0
2025-11-06 05:00:00+00:00,0.6509992480278015,0.5661552548408508,0.41371110026124736,0,-0.0,1.0
2025-11-06 06:00:00+00:00,0.6508721709251404,0.5658348798751831,0.4136538917531758,0,0.0,1.0
2025-11-06 07:00:00+00:00,0.651338517665863,0.566027045249939,0.4136303680233699,0,0.0,1.0
2025-11-06 08:00:00+00:00,0.6518479585647583,0.5667327642440796,0.4139370495110828,0,0.0,1.0
2025-11-06 09:00:00+00:00,0.6515506505966187,0.56618732213974,0.4139567677630158,0,-0.0,1.0
2025-11-06 10:00:00+00:00,0.6509568691253662,0.5658989548683167,0.41393991915371314,0,-0.0,1.0
2025-11-06 11:00:00+00:00,0.6509992480278015,0.566027045249939,0.41393581435265303,0,-0.0,1.0
2025-11-06 12:00:00+00:00,0.6516355872154236,0.5665401220321655,0.4140673089708186,0,0.0,1.0
2025-11-06 13:00:00+00:00,0.6511264443397522,0.5663155317306519,0.41407230937514766,0,-0.0,1.0
2025-11-06 14:00:00+00:00,0.648382306098938,0.5637614130973816,0.4162133762206734,0,-0.0,1.0
2025-11-06 15:00:00+00:00,0.6471235156059265,0.5632216334342957,0.41982289639865283,0,-0.0,1.0
2025-11-06 16:00:00+00:00,0.6468724012374878,0.5630630850791931,0.42310347582185337,0,-0.0,1.0
2025-11-06 17:00:00+00:00,0.6479621529579163,0.5635707974433899,0.4242798855175838,0,0.0,1.0
2025-11-06 18:00:00+00:00,0.6483402252197266,0.5639839768409729,0.4248332040191691,0,0.0,1.0
2025-11-06 19:00:00+00:00,0.6485925316810608,0.5639203786849976,0.42513821955871084,0,0.0,1.0
2025-11-06 20:00:00+00:00,0.6480881571769714,0.5636661052703857,0.42569696938007606,0,-0.0,1.0
2025-11-06 21:00:00+00:00,0.6481721997261047,0.5636025667190552,0.4260970087914795,0,0.0,1.0
2025-11-06 22:00:00+00:00,0.6482982039451599,0.5636978149414062,0.4263401697873371,0,0.0,1.0
2025-11-06 23:00:00+00:00,0.6486346125602722,0.5639521479606628,0.426404098229833,0,0.0,1.0
2025-11-07 00:00:00+00:00,0.6482561826705933,0.5634120106697083,0.4265929122053463,0,-0.0,1.0
2025-11-07 01:00:00+00:00,0.6479621529579163,0.5630630850791931,0.42689663665525857,0,-0.0,1.0
2025-11-07 02:00:00+00:00,0.6477522850036621,0.5624929666519165,0.42723118052515113,0,0.0,1.0
2025-11-07 03:00:00+00:00,0.6474168300628662,0.5621767640113831,0.42774414621292534,0,-0.0,1.0
2025-11-07 04:00:00+00:00,0.6477103233337402,0.5619556307792664,0.4278282106211232,0,0.0,1.0
2025-11-07 05:00:00+00:00,0.6481721997261047,0.5620504021644592,0.4275501251233461,0,0.0,1.0
2025-11-07 06:00:00+00:00,0.6485504508018494,0.5612617135047913,0.4263879373878385,0,0.0,1.0
2025-11-07 07:00:00+00:00,0.6486766934394836,0.5608210563659668,0.424868787200727,0,0.0,1.0
2025-11-07 08:00:00+00:00,0.6487609148025513,0.562208354473114,0.4246596144561384,0,-0.0,1.0
2025-11-07 09:00:00+00:00,0.6484664082527161,0.5617977380752563,0.42444627055800016,0,-0.0,1.0
2025-11-07 10:00:00+00:00,0.6487609148025513,0.5620187520980835,0.42424964732434434,0,0.0,1.0
2025-11-07 11:00:00+00:00,0.6487609148025513,0.5622715950012207,0.42418169250415483,0,-0.0,1.0
2025-11-07 12:00:00+00:00,0.6481721997261047,0.5620187520980835,0.4242203653105883,0,-0.0,1.0
2025-11-07 13:00:00+00:00,0.648929238319397,0.5623664259910583,0.42418897720471777,0,0.0,1.0
2025-11-07 14:00:00+00:00,0.6486346125602722,0.5624929666519165,0.4241903372115074,0,-0.0,1.0
2025-11-07 15:00:00+00:00,0.6474587321281433,0.561482310295105,0.42453925480753724,0,-0.0,1.0
2025-11-07 16:00:00+00:00,0.6477103233337402,0.5617662072181702,0.4246825993788732,0,0.0,1.0
2025-11-07 17:00:00+00:00,0.6486346125602722,0.5624613165855408,0.42470444168311433,0,0.0,1.0
2025-11-07 18:00:00+00:00,0.6487187743186951,0.5623980760574341,0.42472318226870037,0,0.0,1.0
2025-11-07 19:00:00+00:00,0.649688184261322,0.5627778768539429,0.4250069596159142,0,0.0,1.0
2025-11-07 20:00:00+00:00,0.6500259637832642,0.5633485317230225,0.4255820649824856,0,0.0,1.0
2025-11-07 21:00:00+00:00,0.649688184261322,0.5628412365913391,0.4257619109168937,0,-0.0,1.0
2025-11-07 22:00:00+00:00,0.6496037244796753,0.5628095269203186,0.4258831250379389,0,-0.0,1.0
2025-11-10 00:00:00+00:00,0.6510416865348816,0.562556266784668,0.42595485103627734,0,0.0,1.0
2025-11-10 01:00:00+00:00,0.651932954788208,0.5630313754081726,0.42670323202177585,0,0.0,1.0
2025-11-10 02:00:00+00:00,0.6521880626678467,0.5634120106697083,0.42782225113131384,0,0.0,1.0
2025-11-10 03:00:00+00:00,0.6516355872154236,0.5628412365913391,0.42803392405747814,0,-0.0,1.0
2025-11-10 04:00:00+00:00,0.6526563167572021,0.5637614130973816,0.4293885102834639,0,0.0,1.0
2025-11-10 05:00:00+00:00,0.652826726436615,0.5637614130973816,0.4305661004805869,0,0.0,1.0
2025-11-10 06:00:00+00:00,0.6526989340782166,0.5632533431053162,0.4310032537192689,0,0.0,1.0
2025-11-10 07:00:00+00:00,0.653082549571991,0.5636025667190552,0.4317873970024926,0,0.0,1.0
2025-11-10 08:00:00+00:00,0.6532958745956421,0.5646527409553528,0.4332237412742958,0,-0.0,1.0
2025-11-10 09:00:00+00:00,0.6539367437362671,0.5651952624320984,0.43522138870617716,0,0.0,1.0
2025-11-10 10:00:00+00:00,0.6534666419029236,0.5645571351051331,0.43614064313533,0,-0.0,1.0
2025-11-10 11:00:00+00:00,0.6536375284194946,0.5643659234046936,0.43686959424589494,0,0.0,1.0
2025-11-10 12:00:00+00:00,0.6534239053726196,0.5643977522850037,0.4373765159763648,0,-0.0,1.0
2025-11-10 13:00:00+00:00,0.653082549571991,0.5642067193984985,0.4376040705205914,0,-0.0,1.0
2025-11-10 14:00:00+00:00,0.6528693437576294,0.564015805721283,0.4376979789242627,0,-0.0,1.0
2025-11-10 15:00:00+00:00,0.6518904566764832,0.5630630850791931,0.4377258009458442,0,-0.0,1.0
2025-11-10 16:00:00+00:00,0.6523157358169556,0.563316822052002,0.43768509225397273,0,0.0,1.0
2025-11-10 17:00:00+00:00,0.6541078090667725,0.5647484064102173,0.4385329022397878,0,0.0,1.0
2025-11-10 18:00:00+00:00,0.654022216796875,0.5647802948951721,0.4391763417236121,0,-0.0,1.0
2025-11-10 19:00:00+00:00,0.653979480266571,0.5646846294403076,0.4396410447794798,0,0.0,1.0
2025-11-10 20:00:00+00:00,0.6540650129318237,0.5648122429847717,0.4400895157155916,0,0.0,1.0
2025-11-10 21:00:00+00:00,0.6538512110710144,0.5646527409553528,0.44032972196171355,0,-0.0,1.0
2025-11-10 22:00:00+00:00,0.6537656784057617,0.5648440718650818,0.44051392892898805,0,-0.0,1.0
2025-11-10 23:00:00+00:00,0.6537229418754578,0.5645252466201782,0.44061693541912067,0,0.0,1.0
2025-11-11 00:00:00+00:00,0.6534239053726196,0.5646846294403076,0.4406353810033776,0,-0.0,1.0
2025-11-11 01:00:00+00:00,0.6532958745956421,0.5640794038772583,0.4406219568512805,0,0.0,1.0
2025-11-11 02:00:00+00:00,0.652954638004303,0.5641748905181885,0.4406229801874876,0,-0.0,1.0
2025-11-11 03:00:00+00:00,0.6531251668930054,0.5645571351051331,0.44058604296959036,0,-0.0,1.0
2025-11-11 04:00:00+00:00,0.6525285243988037,0.564015805721283,0.4406383183778691,0,-0.0,1.0
2025-11-11 05:00:00+00:00,0.6520605087280273,0.5636025667190552,0.440865500394766,0,-0.0,1.0
2025-11-11 06:00:00+00:00,0.6520605087280273,0.5635072588920593,0.441063094298221,0,0.0,1.0
2025-11-11 07:00:00+00:00,0.6522306203842163,0.564015805721283,0.44106762569456864,0,-0.0,1.0
2025-11-11 08:00:00+00:00,0.652103066444397,0.5645571351051331,0.4408080284366357,0,-0.0,1.0
2025-11-11 09:00:00+00:00,0.652103066444397,0.5645571351051331,0.4405976290934505,0,0.0,1.0
2025-11-11 10:00:00+00:00,0.6525285243988037,0.564620852470398,0.44050934241291284,0,0.0,1.0
2025-11-11 11:00:00+00:00,0.652826726436615,0.5648440718650818,0.4404757860351192,0,0.0,1.0
2025-11-11 12:00:00+00:00,0.6524434089660645,0.5650036931037903,0.44025453603447207,0,-0.0,1.0
2025-11-11 13:00:00+00:00,0.6538084149360657,0.5667006373405457,0.4404318107528604,0,0.0,1.0
2025-11-11 14:00:00+00:00,0.6538512110710144,0.5668613314628601,0.44054907197083676,0,-0.0,1.0
2025-11-11 15:00:00+00:00,0.6524434089660645,0.5654189586639404,0.44032225022911614,0,-0.0,1.0
2025-11-11 16:00:00+00:00,0.6527841091156006,0.5657068490982056,0.4401429436551048,0,0.0,1.0
2025-11-11 17:00:00+00:00,0.6533385515213013,0.5661231875419617,0.44015324030606695,0,0.0,1.0
2025-11-11 18:00:00+00:00,0.6533385515213013,0.5662513971328735,0.4401269953845709,0,-0.0,1.0
2025-11-11 19:00:00+00:00,0.6532105207443237,0.5658668875694275,0.44012845568029785,0,0.0,1.0
2025-11-11 20:00:00+00:00,0.653082549571991,0.5657068490982056,0.4401151929374848,0,-0.0,1.0
2025-11-11 21:00:00+00:00,0.652954638004303,0.5655788779258728,0.4400963811511313,0,-0.0,1.0
2025-11-11 22:00:00+00:00,0.652741551399231,0.5654509663581848,0.44007577722560737,0,-0.0,1.0
2025-11-11 23:00:00+00:00,0.6532531976699829,0.5658668875694275,0.44010317940137,0,0.0,1.0
2025-11-12 00:00:00+00:00,0.6523157358169556,0.5653230547904968,0.44011479501749645,0,-0.0,1.0
2025-11-12 01:00:00+00:00,0.6525711417198181,0.5658028721809387,0.43999422845554786,0,0.0,1.0
2025-11-12 02:00:00+00:00,0.6524008512496948,0.565514862537384,0.43996089137176814,0,-0.0,1.0
2025-11-12 03:00:00+00:00,0.6526136994361877,0.5653870105743408,0.43996115483055587,0,0.0,1.0
2025-11-12 04:00:00+00:00,0.6522731781005859,0.5649398565292358,0.440029216055777,0,-0.0,1.0
2025-11-12 05:00:00+00:00,0.6531678438186646,0.5654829144477844,0.4400621295768111,0,0.0,1.0
2025-11-12 06:00:00+00:00,0.6537229418754578,0.56573885679245,0.4402314991522014,0,0.0,1.0
2025-11-12 07:00:00+00:00,0.6538939476013184,0.5658668875694275,0.4404470803891689,0,0.0,1.0
2025-11-12 08:00:00+00:00,0.6544502377510071,0.5657068490982056,0.4406582154150579,0,0.0,1.0
2025-11-12 09:00:00+00:00,0.6535093188285828,0.5656428337097168,0.4406910713545381,0,-0.0,1.0
2025-11-12 10:00:00+00:00,0.6533385515213013,0.5657068490982056,0.4407002403747612,0,-0.0,1.0
2025-11-12 11:00:00+00:00,0.6537656784057617,0.565930962562561,0.440795013709819,0,0.0,1.0
2025-11-12 12:00:00+00:00,0.6544502377510071,0.5666364431381226,0.44122063944327544,0,0.0,1.0
2025-11-12 13:00:00+00:00,0.6539367437362671,0.5661231875419617,0.44131409800563043,0,-0.0,1.0
2025-11-12 14:00:00+00:00,0.6534666419029236,0.5659949779510498,0.44129713296244466,0,-0.0,1.0
2025-11-12 15:00:00+00:00,0.654022216796875,0.5661552548408508,0.44139387706776745,0,0.0,1.0
2025-11-12 16:00:00+00:00,0.6542361974716187,0.5662834644317627,0.44154176886866725,0,0.0,1.0
2025-11-12 17:00:00+00:00,0.6544930934906006,0.5665722489356995,0.4417839002275025,0,0.0,1.0
2025-11-12 18:00:00+00:00,0.6550504565238953,0.5671184659004211,0.44233573228541895,0,0.0,1.0
2025-11-12 19:00:00+00:00,0.6544930934906006,0.5667006373405457,0.4424755331297477,0,-0.0,1.0
2025-11-12 20:00:00+00:00,0.6543217897415161,0.5666364431381226,0.4425335558479981,0,-0.0,1.0
2025-11-12 21:00:00+00:00,0.6544074416160583,0.5668613314628601,0.4425949486755927,0,-0.0,1.0
2025-11-12 22:00:00+00:00,0.654022216796875,0.5662513971328735,0.4425958479019046,0,-0.0,1.0
2025-11-12 23:00:00+00:00,0.6538084149360657,0.5663155317306519,0.4425798116569753,0,-0.0,1.0
2025-11-13 00:00:00+00:00,0.6553938984870911,0.5650036931037903,0.4413702703064129,0,0.0,1.0
2025-11-13 01:00:00+00:00,0.655995786190033,0.5658668875694275,0.44118744145568534,0,0.0,1.0
2025-11-13 02:00:00+00:00,0.6565126180648804,0.5661552548408508,0.4413441131543505,0,0.0,1.0
2025-11-13 03:00:00+00:00,0.655995786190033,0.5658028721809387,0.44116720875494897,0,-0.0,1.0
2025-11-13 04:00:00+00:00,0.6559097170829773,0.5655788779258728,0.44086895609876675,0,0.0,1.0
2025-11-13 05:00:00+00:00,0.655995786190033,0.5647484064102173,0.4398194092629795,0,0.0,1.0
2025-11-13 06:00:00+00:00,0.6560819149017334,0.5649717450141907,0.4391750917122649,0,-0.0,1.0
2025-11-13 07:00:00+00:00,0.6577649116516113,0.5670541524887085,0.44066378900279946,0,0.0,1.0
2025-11-13 08:00:00+00:00,0.6581545472145081,0.5683755874633789,0.4428834656147687,0,-0.0,1.0
2025-11-13 09:00:00+00:00,0.6575053930282593,0.5676657557487488,0.44382546098788317,0,-0.0,1.0
2025-11-13 10:00:00+00:00,0.6570733785629272,0.5673115253448486,0.4442387961960797,0,-0.0,1.0
2025-11-13 11:00:00+00:00,0.6563833355903625,0.5667006373405457,0.44428369788300587,0,-0.0,1.0
2025-11-13 12:00:00+00:00,0.656728208065033,0.5673115253448486,0.44442820378245723,0,0.0,1.0
2025-11-13 13:00:00+00:00,0.6555227637290955,0.5665722489356995,0.44439964099627993,0,-0.0,1.0
2025-11-13 14:00:00+00:00,0.655007541179657,0.5670220255851746,0.444048390003999,0,-0.0,1.0
2025-11-13 15:00:00+00:00,0.6553938984870911,0.5674080848693848,0.4436378284179401,0,0.0,1.0
2025-11-13 16:00:00+00:00,0.655350923538208,0.5677302479743958,0.44306653718628913,0,-0.0,1.0
2025-11-13 17:00:00+00:00,0.6551362872123718,0.5673437118530273,0.44277107785958986,0,-0.0,1.0
2025-11-13 18:00:00+00:00,0.6531251668930054,0.5656108856201172,0.44402508000739765,0,-0.0,1.0
2025-11-13 19:00:00+00:00,0.653082549571991,0.5657708644866943,0.44491040020063766,0,-0.0,1.0
2025-11-13 20:00:00+00:00,0.6529972553253174,0.5656108856201172,0.44575539405573517,0,-0.0,1.0
2025-11-13 21:00:00+00:00,0.6532531976699829,0.5656108856201172,0.4463102194483065,0,0.0,1.0
2025-11-13 22:00:00+00:00,0.6536375284194946,0.565514862537384,0.44662274896786464,0,0.0,1.0
2025-11-13 23:00:00+00:00,0.6529972553253174,0.5651952624320984,0.44724269322303634,0,-0.0,1.0
2025-11-14 00:00:00+00:00,0.6533812284469604,0.56618732213974,0.4471999962820327,0,-0.0,1.0
2025-11-14 01:00:00+00:00,0.6541934013366699,0.5677302479743958,0.4464902832311297,0,0.0,1.0
2025-11-14 02:00:00+00:00,0.6547073125839233,0.5684401988983154,0.44586716538440463,0,0.0,1.0
2025-11-14 03:00:00+00:00,0.6543645858764648,0.5687634944915771,0.44472524665445406,0,-0.0,1.0
2025-11-14 04:00:00+00:00,0.6535093188285828,0.5682141184806824,0.443601173288833,0,-0.0,1.0
2025-11-14 05:00:00+00:00,0.653979480266571,0.5689253211021423,0.4423841534971071,0,0.0,1.0
2025-11-14 06:00:00+00:00,0.6534239053726196,0.5681495070457458,0.44171222203542326,0,-0.0,1.0
2025-11-14 07:00:00+00:00,0.6530399322509766,0.5677302479743958,0.4413581671528611,0,-0.0,1.0
2025-11-14 08:00:00+00:00,0.6531678438186646,0.5680849552154541,0.4408467866334716,0,-0.0,1.0
2025-11-14 09:00:00+00:00,0.6523582935333252,0.5677624344825745,0.44046417325409354,0,-0.0,1.0
2025-11-14 10:00:00+00:00,0.6517630219459534,0.5674724578857422,0.4403562682541017,0,-0.0,1.0
2025-11-14 11:00:00+00:00,0.6511688828468323,0.5678914189338684,0.4396701352105027,0,-0.0,1.0
2025-11-14 12:00:00+00:00,0.652741551399231,0.5687634944915771,0.438910278705752,0,0.0,1.0
2025-11-14 13:00:00+00:00,0.6526563167572021,0.5682787299156189,0.4385926976026565,0,0.0,1.0
2025-11-14 14:00:00+00:00,0.6535947918891907,0.5686664581298828,0.4385945389789092,0,0.0,1.0
2025-11-14 15:00:00+00:00,0.6547930836677551,0.5685371160507202,0.4391146201944073,0,0.0,1.0
2025-11-14 16:00:00+00:00,0.655007541179657,0.5686988234519958,0.4396908510213827,0,0.0,1.0
2025-11-14 17:00:00+00:00,0.6544074416160583,0.5684078931808472,0.4398632068011698,0,-0.0,1.0
2025-11-14 18:00:00+00:00,0.6538939476013184,0.5680204629898071,0.43987348388197894,0,-0.0,1.0
2025-11-14 19:00:00+00:00,0.6539367437362671,0.5680527091026306,0.4398879546040366,0,0.0,1.0
2025-11-14 20:00:00+00:00,0.6537229418754578,0.5677624344825745,0.4398762851172123,0,-0.0,1.0
2025-11-14 21:00:00+00:00,0.6537656784057617,0.5682141184806824,0.43987013832466865,0,-0.0,1.0
2025-11-14 22:00:00+00:00,0.6538939476013184,0.5683109760284424,0.4398798232036475,0,0.0,1.0
2025-11-17 00:00:00+00:00,0.652826726436615,0.5667327642440796,0.4400850301937535,0,-0.0,1.0
2025-11-17 01:00:00+00:00,0.6520605087280273,0.5664759278297424,0.44073010388442896,0,-0.0,1.0
2025-11-17 02:00:00+00:00,0.6522306203842163,0.5665401220321655,0.4411293703760905,0,0.0,1.0
2025-11-17 03:00:00+00:00,0.6518479585647583,0.5663476586341858,0.44168272252418145,0,-0.0,1.0
2025-11-17 04:00:00+00:00,0.6524008512496948,0.5668933987617493,0.4418117754431918,0,0.0,1.0
2025-11-17 05:00:00+00:00,0.6524434089660645,0.5672149658203125,0.44184382070157663,0,-0.0,1.0
2025-11-17 06:00:00+00:00,0.6527841091156006,0.5676013231277466,0.4417955754147879,0,0.0,1.0
2025-11-17 07:00:00+00:00,0.6537656784057617,0.5687958598136902,0.4419186809277311,0,0.0,1.0
2025-11-17 08:00:00+00:00,0.6525285243988037,0.5676980018615723,0.44185138219719183,0,-0.0,1.0
2025-11-17 09:00:00+00:00,0.6522731781005859,0.5672149658203125,0.44193283731531224,0,-0.0,1.0
2025-11-17 10:00:00+00:00,0.6513809561729431,0.5665080547332764,0.44245711171857316,0,-0.0,1.0
2025-11-17 11:00:00+00:00,0.651932954788208,0.5669898390769958,0.4425701896680167,0,0.0,1.0
2025-11-17 12:00:00+00:00,0.6520605087280273,0.5668933987617493,0.4426506605371922,0,0.0,1.0
2025-11-17 13:00:00+00:00,0.6511688828468323,0.5665401220321655,0.44303615268766205,0,-0.0,1.0
2025-11-17 14:00:00+00:00,0.6514233946800232,0.5668291449546814,0.4431745832247109,0,0.0,1.0
2025-11-17 15:00:00+00:00,0.6510416865348816,0.5672471523284912,0.4430811855740895,0,-0.0,1.0
2025-11-17 16:00:00+00:00,0.6516780853271484,0.5674402713775635,0.4429772580721729,0,0.0,1.0
2025-11-17 17:00:00+00:00,0.6511264443397522,0.5670541524887085,0.44301719469593476,0,-0.0,1.0
2025-11-17 18:00:00+00:00,0.6500259637832642,0.5661552548408508,0.4437676572895635,0,-0.0,1.0
2025-11-17 19:00:00+00:00,0.6486346125602722,0.5651952624320984,0.4459025803455033,0,-0.0,1.0
2025-11-17 20:00:00+00:00,0.6494349837303162,0.5658348798751831,0.44666327076211076,0,0.0,1.0
2025-11-17 21:00:00+00:00,0.6495615243911743,0.5658989548683167,0.4471764529845357,0,0.0,1.0
2025-11-17 22:00:00+00:00,0.649814784526825,0.5660911202430725,0.4474242981614019,0,0.0,1.0
2025-11-17 23:00:00+00:00,0.6494771838188171,0.5655468702316284,0.4479047788575092,0,-0.0,1.0
2025-11-18 00:00:00+00:00,0.6485925316810608,0.5652911067008972,0.4488273083923581,0,-0.0,1.0
2025-11-18 01:00:00+00:00,0.6493085026741028,0.5658989548683167,0.44902100504237524,0,0.0,1.0
2025-11-18 02:00:00+00:00,0.6491820216178894,0.565514862537384,0.44932923187329943,0,0.0,1.0
2025-11-18 03:00:00+00:00,0.6480461359024048,0.5650994181632996,0.4502272952892502,0,-0.0,1.0
2025-11-18 04:00:00+00:00,0.6482141613960266,0.5651313662528992,0.45083966567384104,0,0.0,1.0
2025-11-18 05:00:00+00:00,0.6485084295272827,0.5655788779258728,0.4510284816696223,0,0.0,1.0
2025-11-18 06:00:00+00:00,0.6477103233337402,0.5650675296783447,0.4516607107779877,0,-0.0,1.0
2025-11-18 07:00:00+00:00,0.6487609148025513,0.5660911202430725,0.45152759172221424,0,0.0,1.0
2025-11-18 08:00:00+00:00,0.6495615243911743,0.5666685104370117,0.4514443173271395,0,0.0,1.0
2025-11-18 09:00:00+00:00,0.649814784526825,0.5667006373405457,0.45147340738875996,0,0.0,1.0
2025-11-18 10:00:00+00:00,0.6501528024673462,0.5664117932319641,0.45159486592821874,0,0.0,1.0
2025-11-18 11:00:00+00:00,0.6504911184310913,0.5667327642440796,0.4518417140398158,0,0.0,1.0
2025-11-18 12:00:00+00:00,0.650321900844574,0.5667327642440796,0.4519841168263193,0,-0.0,1.0
2025-11-18 13:00:00+00:00,0.6510416865348816,0.5673115253448486,0.45248145443670557,0,0.0,1.0
2025-11-18 14:00:00+00:00,0.6501950621604919,0.56618732213974,0.4524692977492767,0,-0.0,1.0
2025-11-18 15:00:00+00:00,0.6490556597709656,0.5655468702316284,0.45263606996594474,0,-0.0,1.0
2025-11-18 16:00:00+00:00,0.6506603956222534,0.56618732213974,0.4526543594985483,0,0.0,1.0
2025-11-18 17:00:00+00:00,0.651296079158783,0.5665080547332764,0.45288995051692094,0,0.0,1.0
2025-11-18 18:00:00+00:00,0.6514658331871033,0.5666043758392334,0.45316541767189855,0,0.0,1.0
2025-11-18 19:00:00+00:00,0.6518479585647583,0.5667327642440796,0.4535480477364183,0,0.0,1.0
2025-11-18 20:00:00+00:00,0.6512536406517029,0.5663476586341858,0.453588994524834,0,-0.0,1.0
2025-11-18 21:00:00+00:00,0.6509992480278015,0.565930962562561,0.45347321051504347,0,-0.0,1.0
2025-11-18 22:00:00+00:00,0.6511688828468323,0.5659949779510498,0.4533897171110424,0,0.0,1.0
2025-11-18 23:00:00+00:00,0.6510840654373169,0.566027045249939,0.45334542004018996,0,-0.0,1.0
2025-11-19 00:00:00+00:00,0.6503641605377197,0.5647165179252625,0.45305598962540766,0,-0.0,1.0
2025-11-19 01:00:00+00:00,0.64939284324646,0.5639203786849976,0.45331617283418996,0,-0.0,1.0
2025-11-19 02:00:00+00:00,0.649350643157959,0.5637931823730469,0.45352012799823316,0,0.0,1.0
2025-11-19 03:00:00+00:00,0.6484664082527161,0.5633485317230225,0.4544628960632873,0,-0.0,1.0
2025-11-19 04:00:00+00:00,0.6485084295272827,0.5632850527763367,0.45515910228528145,0,0.0,1.0
2025-11-19 05:00:00+00:00,0.6491398811340332,0.5636978149414062,0.4552807375002072,0,0.0,1.0
2025-11-19 06:00:00+00:00,0.6492241621017456,0.5639521479606628,0.45537096435543123,0,-0.0,1.0
2025-11-19 07:00:00+00:00,0.6495193243026733,0.5640794038772583,0.4553478903778006,0,0.0,1.0
2025-11-19 08:00:00+00:00,0.6482561826705933,0.5631899237632751,0.4559457784692266,0,-0.0,1.0
2025-11-19 09:00:00+00:00,0.648929238319397,0.5635072588920593,0.45603829221806247,0,0.0,1.0
2025-11-19 10:00:00+00:00,0.6488450169563293,0.5628095269203186,0.4559826809154067,0,0.0,1.0
2025-11-19 11:00:00+00:00,0.6491398811340332,0.5632850527763367,0.4559174947428391,0,0.0,1.0
2025-11-19 12:00:00+00:00,0.6491820216178894,0.5629996657371521,0.4557541279001222,0,0.0,1.0
2025-11-19 13:00:00+00:00,0.6485504508018494,0.5624297261238098,0.45583567567711203,0,-0.0,1.0
2025-11-19 14:00:00+00:00,0.6494349837303162,0.5624613165855408,0.4553231832017206,0,0.0,1.0
2025-11-19 15:00:00+00:00,0.6465796232223511,0.5607267022132874,0.4572958098819455,0,-0.0,1.0
2025-11-19 16:00:00+00:00,0.6467468738555908,0.5601927042007446,0.4585335169695358,0,0.0,1.0
2025-11-19 17:00:00+00:00,0.646120011806488,0.5595971345901489,0.4602923074066367,0,-0.0,1.0
2025-11-19 18:00:00+00:00,0.6467886567115784,0.5599731206893921,0.46087031843199433,0,0.0,1.0
2025-11-19 19:00:00+00:00,0.6466214060783386,0.559471845626831,0.4613352961590645,0,0.0,1.0
2025-11-19 20:00:00+00:00,0.6470397710800171,0.5599104166030884,0.4614215267565536,0,0.0,1.0
2025-11-19 21:00:00+00:00,0.6481721997261047,0.5605067014694214,0.46095499002774704,0,0.0,1.0
2025-11-19 22:00:00+00:00,0.6480881571769714,0.560538113117218,0.46064904291103953,0,-0.0,1.0
2025-11-19 23:00:00+00:00,0.6491820216178894,0.5615138411521912,0.46066997132138576,0,0.0,1.0
2025-11-20 00:00:00+00:00,0.6484664082527161,0.5611672401428223,0.46059798981653793,0,-0.0,1.0
2025-11-20 01:00:00+00:00,0.6482141613960266,0.5606009364128113,0.4604197454610139,0,0.0,1.0
2025-11-20 02:00:00+00:00,0.6481301784515381,0.5607895851135254,0.46036057577553174,0,-0.0,1.0
2025-11-20 03:00:00+00:00,0.648382306098938,0.5609154105186462,0.4602948124369725,0,0.0,1.0
2025-11-20 04:00:00+00:00,0.6488450169563293,0.5611042380332947,0.46025722165121247,0,0.0,1.0
2025-11-20 05:00:00+00:00,0.6482141613960266,0.5606638193130493,0.46020074346197065,0,-0.0,1.0
2025-11-20 06:00:00+00:00,0.6484243273735046,0.5612617135047913,0.46020977495387266,0,-0.0,1.0
2025-11-20 07:00:00+00:00,0.6478362679481506,0.5608525276184082,0.4602467214725815,0,-0.0,1.0
2025-11-20 08:00:00+00:00,0.6479201316833496,0.5611672401428223,0.460234651832833,0,-0.0,1.0
2025-11-20 09:00:00+00:00,0.6484664082527161,0.5615453720092773,0.46025574012176745,0,0.0,1.0
2025-11-20 10:00:00+00:00,0.6485925316810608,0.5618924498558044,0.4602746704209663,0,-0.0,1.0
2025-11-20 11:00:00+00:00,0.6478362679481506,0.5614192485809326,0.4602220068245466,0,-0.0,1.0
2025-11-20 12:00:00+00:00,0.647794246673584,0.5612617135047913,0.46021198414062603,0,0.0,1.0
2025-11-20 13:00:00+00:00,0.6477103233337402,0.5614507794380188,0.46014888057563585,0,-0.0,1.0
